[
  {
    "Id": 1,
    "Name": "Chuột không dây",
    "Description": "Chuột Bluetooth",
    "Price": 250000.0,
    "Quantity": 101,
    "PriceRate": 0,
    "CreatedDate": "2025-10-25T23:30:24.7659887+07:00",
    "CategoryId": 1
  },
  {
    "Id": 2,
    "Name": "Bút bi",
    "Description": "Bút bi đen",
    "Price": 5000.0,
    "Quantity": 221,
    "PriceRate": 0,
    "CreatedDate": "2025-10-25T23:51:13.3184026+07:00",
    "CategoryId": 2
  },
  {
    "Id": 3,
    "Name": "Máy tính Acer Nitro 5",
    "Description": "Máy tính gaming",
    "Price": 26550000,
    "Quantity": 10,
    "PriceRate": 0,
    "CreatedDate": "2025-10-25T23:30:15.0576695+07:00",
    "CategoryId": 1
  },
  {
    "Id": 4,
    "Name": "Bút máy",
    "Description": "Bút máy viết chữ đẹp",
    "Price": 50000,
    "Quantity": 10,
    "PriceRate": 0,
    "CreatedDate": "2025-10-26T00:02:08.9571856+07:00",
    "CategoryId": 2
  },
  {
    "Id": 5,
    "Name": "Bàn phím cơ",
    "Description": "Bàn phím cơ RGB gaming",
    "Price": 1500000.0,
    "Quantity": 25,
    "PriceRate": 0,
    "CreatedDate": "2025-10-26T09:15:32.1234567+07:00",
    "CategoryId": 1
  },
  {
    "Id": 6,
    "Name": "Ốp lưng điện thoại",
    "Description": "Ốp lưng silicon iPhone 15",
    "Price": 150000.0,
    "Quantity": 50,
    "PriceRate": 0,
    "CreatedDate": "2025-10-26T10:45:18.9876543+07:00",
    "CategoryId": 2
  },
  {
    "Id": 7,
    "Name": "Tai nghe không dây",
    "Description": "Tai nghe Bluetooth Sony WF-C500",
    "Price": 1200000.0,
    "Quantity": 15,
    "PriceRate": 0,
    "CreatedDate": "2025-10-26T14:20:45.4567890+07:00",
    "CategoryId": 1
  },
  {
    "Id": 8,
    "Name": "Sổ tay",
    "Description": "Sổ tay A5 kẻ ô vuông",
    "Price": 35000.0,
    "Quantity": 100,
    "PriceRate": 0,
    "CreatedDate": "2025-10-26T15:30:12.3456789+07:00",
    "CategoryId": 2
  }
]